timestamp,symbol,price,volume
2026-09-29 09:30:00,APPL,254.04,936
2026-09-29 09:30:01,APPL,254.03,477
2026-09-29 09:30:02,APPL,254.08,354
2026-09-29 09:30:03,APPL,254.19,921
2026-09-29 09:30:04,APPL,254.17,366
2026-09-29 09:30:05,APPL,254.16,684
2026-09-29 09:30:06,APPL,254.28,951
2026-09-29 09:30:07,APPL,254.34,58
2026-09-29 09:30:08,APPL,254.3,823
2026-09-29 09:30:09,APPL,254.34,122
2026-09-29 09:30:10,APPL,254.31,408
2026-09-29 09:30:11,APPL,254.27,272
2026-09-29 09:30:12,APPL,254.29,465
2026-09-29 09:30:13,APPL,254.14,602
2026-09-29 09:30:14,APPL,254.01,419
2026-09-29 09:30:15,APPL,253.97,765
2026-09-29 09:30:16,APPL,253.89,313
2026-09-29 09:30:17,APPL,253.92,889
2026-09-29 09:30:18,APPL,253.85,739
2026-09-29 09:30:19,APPL,253.74,909
2026-09-29 09:30:20,APPL,253.85,367
2026-09-29 09:30:21,APPL,253.83,133
2026-09-29 09:30:22,APPL,253.84,367
2026-09-29 09:30:23,APPL,253.73,160
2026-09-29 09:30:24,APPL,253.69,300
2026-09-29 09:30:25,APPL,253.7,432
2026-09-29 09:30:26,APPL,253.61,56
2026-09-29 09:30:27,APPL,253.64,508
2026-09-29 09:30:28,APPL,253.59,133
2026-09-29 09:30:29,APPL,253.57,257
2026-09-29 09:30:30,APPL,253.52,949
2026-09-29 09:30:31,APPL,253.67,439
2026-09-29 09:30:32,APPL,253.66,363
2026-09-29 09:30:33,APPL,253.58,71
2026-09-29 09:30:34,APPL,253.65,459
2026-09-29 09:30:35,APPL,253.55,944
2026-09-29 09:30:36,APPL,253.57,564
2026-09-29 09:30:37,APPL,253.42,176
2026-09-29 09:30:38,APPL,253.32,858
2026-09-29 09:30:39,APPL,253.33,749
2026-09-29 09:30:40,APPL,253.39,923
2026-09-29 09:30:41,APPL,253.4,63
2026-09-29 09:30:42,APPL,253.39,61
2026-09-29 09:30:43,APPL,253.37,136
2026-09-29 09:30:44,APPL,253.26,573
2026-09-29 09:30:45,APPL,253.2,958
2026-09-29 09:30:46,APPL,253.17,586
2026-09-29 09:30:47,APPL,253.25,350
2026-09-29 09:30:48,APPL,253.28,292
2026-09-29 09:30:49,APPL,253.14,171
2026-09-29 09:30:50,APPL,253.17,196
2026-09-29 09:30:51,APPL,253.14,616
2026-09-29 09:30:52,APPL,253.09,799
2026-09-29 09:30:53,APPL,253.13,405
2026-09-29 09:30:54,APPL,253.21,734
2026-09-29 09:30:55,APPL,253.28,953
2026-09-29 09:30:56,APPL,253.22,782
2026-09-29 09:30:57,APPL,253.19,680
2026-09-29 09:30:58,APPL,253.22,358
2026-09-29 09:30:59,APPL,253.29,744
2026-09-29 09:31:00,APPL,253.26,337
2026-09-29 09:31:01,APPL,253.24,356
2026-09-29 09:31:02,APPL,253.16,861
2026-09-29 09:31:03,APPL,253.07,643
2026-09-29 09:31:04,APPL,253.13,963
2026-09-29 09:31:05,APPL,253.23,772
2026-09-29 09:31:06,APPL,253.23,711
2026-09-29 09:31:07,APPL,253.3,598
2026-09-29 09:31:08,APPL,253.33,401
2026-09-29 09:31:09,APPL,253.28,361
2026-09-29 09:31:10,APPL,253.31,922
2026-09-29 09:31:11,APPL,253.43,108
2026-09-29 09:31:12,APPL,253.42,692
2026-09-29 09:31:13,APPL,253.54,973
2026-09-29 09:31:14,APPL,253.34,763
2026-09-29 09:31:15,APPL,253.41,804
2026-09-29 09:31:16,APPL,253.41,84
2026-09-29 09:31:17,APPL,253.39,494
2026-09-29 09:31:18,APPL,253.4,142
2026-09-29 09:31:19,APPL,253.25,999
2026-09-29 09:31:20,APPL,253.23,256
2026-09-29 09:31:21,APPL,253.26,402
2026-09-29 09:31:22,APPL,253.37,952
2026-09-29 09:31:23,APPL,253.33,381
2026-09-29 09:31:24,APPL,253.27,866
2026-09-29 09:31:25,APPL,253.23,911
2026-09-29 09:31:26,APPL,253.3,774
2026-09-29 09:31:27,APPL,253.32,208
2026-09-29 09:31:28,APPL,253.28,73
2026-09-29 09:31:29,APPL,253.32,453
2026-09-29 09:31:30,APPL,253.33,854
2026-09-29 09:31:31,APPL,253.4,565
2026-09-29 09:31:32,APPL,253.35,781
2026-09-29 09:31:33,APPL,253.33,413
2026-09-29 09:31:34,APPL,253.3,431
2026-09-29 09:31:35,APPL,253.19,581
2026-09-29 09:31:36,APPL,253.21,201
2026-09-29 09:31:37,APPL,253.23,611
2026-09-29 09:31:38,APPL,253.23,738
2026-09-29 09:31:39,APPL,253.21,996
2026-09-29 09:31:40,APPL,253.1,657
2026-09-29 09:31:41,APPL,253.07,666
2026-09-29 09:31:42,APPL,253.04,469
2026-09-29 09:31:43,APPL,252.98,299
2026-09-29 09:31:44,APPL,252.97,166
2026-09-29 09:31:45,APPL,253.0,915
2026-09-29 09:31:46,APPL,253.15,561
2026-09-29 09:31:47,APPL,253.16,789
2026-09-29 09:31:48,APPL,253.18,627
2026-09-29 09:31:49,APPL,253.17,384
2026-09-29 09:31:50,APPL,253.03,467
2026-09-29 09:31:51,APPL,253.02,981
2026-09-29 09:31:52,APPL,253.03,823
2026-09-29 09:31:53,APPL,253.22,344
2026-09-29 09:31:54,APPL,253.2,987
2026-09-29 09:31:55,APPL,253.22,804
2026-09-29 09:31:56,APPL,253.22,420
2026-09-29 09:31:57,APPL,253.13,235
2026-09-29 09:31:58,APPL,253.22,295
2026-09-29 09:31:59,APPL,253.28,686
2026-09-29 09:32:00,APPL,253.34,317
2026-09-29 09:32:01,APPL,253.27,692
2026-09-29 09:32:02,APPL,253.37,286
2026-09-29 09:32:03,APPL,253.27,579
2026-09-29 09:32:04,APPL,253.31,601
2026-09-29 09:32:05,APPL,253.48,70
2026-09-29 09:32:06,APPL,253.4,960
2026-09-29 09:32:07,APPL,253.36,786
2026-09-29 09:32:08,APPL,253.37,916
2026-09-29 09:32:09,APPL,253.33,843
2026-09-29 09:32:10,APPL,253.21,569
2026-09-29 09:32:11,APPL,253.22,149
2026-09-29 09:32:12,APPL,253.14,801
2026-09-29 09:32:13,APPL,253.17,527
2026-09-29 09:32:14,APPL,253.1,648
2026-09-29 09:32:15,APPL,253.22,347
2026-09-29 09:32:16,APPL,253.16,989
2026-09-29 09:32:17,APPL,253.14,575
2026-09-29 09:32:18,APPL,253.2,383
2026-09-29 09:32:19,APPL,253.11,51
2026-09-29 09:32:20,APPL,253.12,424
2026-09-29 09:32:21,APPL,253.22,342
2026-09-29 09:32:22,APPL,253.1,886
2026-09-29 09:32:23,APPL,253.11,983
2026-09-29 09:32:24,APPL,253.13,602
2026-09-29 09:32:25,APPL,253.19,367
2026-09-29 09:32:26,APPL,253.1,551
2026-09-29 09:32:27,APPL,253.0,877
2026-09-29 09:32:28,APPL,253.04,430
2026-09-29 09:32:29,APPL,253.06,672
2026-09-29 09:32:30,APPL,253.08,63
2026-09-29 09:32:31,APPL,253.11,553
2026-09-29 09:32:32,APPL,253.05,280
2026-09-29 09:32:33,APPL,253.07,133
2026-09-29 09:32:34,APPL,253.09,179
2026-09-29 09:32:35,APPL,253.04,792
2026-09-29 09:32:36,APPL,253.18,887
2026-09-29 09:32:37,APPL,253.22,194
2026-09-29 09:32:38,APPL,253.13,940
2026-09-29 09:32:39,APPL,253.18,906
2026-09-29 09:32:40,APPL,253.1,77
2026-09-29 09:32:41,APPL,253.16,115
2026-09-29 09:32:42,APPL,253.25,212
2026-09-29 09:32:43,APPL,253.19,278
2026-09-29 09:32:44,APPL,253.26,310
2026-09-29 09:32:45,APPL,253.29,498
2026-09-29 09:32:46,APPL,253.36,473
2026-09-29 09:32:47,APPL,253.5,509
2026-09-29 09:32:48,APPL,253.48,725
2026-09-29 09:32:49,APPL,253.42,350
2026-09-29 09:32:50,APPL,253.36,968
2026-09-29 09:32:51,APPL,253.29,352
2026-09-29 09:32:52,APPL,253.29,336
2026-09-29 09:32:53,APPL,253.31,444
2026-09-29 09:32:54,APPL,253.34,59
2026-09-29 09:32:55,APPL,253.4,756
2026-09-29 09:32:56,APPL,253.4,679
2026-09-29 09:32:57,APPL,253.51,319
2026-09-29 09:32:58,APPL,253.49,641
2026-09-29 09:32:59,APPL,253.7,654
2026-09-29 09:33:00,APPL,253.74,827
2026-09-29 09:33:01,APPL,253.68,893
2026-09-29 09:33:02,APPL,253.6,911
2026-09-29 09:33:03,APPL,253.63,410
2026-09-29 09:33:04,APPL,253.62,306
2026-09-29 09:33:05,APPL,253.67,182
2026-09-29 09:33:06,APPL,253.71,325
2026-09-29 09:33:07,APPL,253.7,825
2026-09-29 09:33:08,APPL,253.64,732
2026-09-29 09:33:09,APPL,253.52,562
2026-09-29 09:33:10,APPL,253.49,362
2026-09-29 09:33:11,APPL,253.55,625
2026-09-29 09:33:12,APPL,253.57,935
2026-09-29 09:33:13,APPL,253.47,333
2026-09-29 09:33:14,APPL,253.49,170
2026-09-29 09:33:15,APPL,253.52,156
2026-09-29 09:33:16,APPL,253.45,982
2026-09-29 09:33:17,APPL,253.46,736
2026-09-29 09:33:18,APPL,253.47,253
2026-09-29 09:33:19,APPL,253.38,214
2026-09-29 09:33:20,APPL,253.41,354
2026-09-29 09:33:21,APPL,253.45,546
2026-09-29 09:33:22,APPL,253.53,681
2026-09-29 09:33:23,APPL,253.61,605
2026-09-29 09:33:24,APPL,253.51,873
2026-09-29 09:33:25,APPL,253.44,205
2026-09-29 09:33:26,APPL,253.47,416
2026-09-29 09:33:27,APPL,253.51,768
2026-09-29 09:33:28,APPL,253.55,951
2026-09-29 09:33:29,APPL,253.85,669
2026-09-29 09:33:30,APPL,253.89,300
2026-09-29 09:33:31,APPL,253.98,965
2026-09-29 09:33:32,APPL,254.05,931
2026-09-29 09:33:33,APPL,254.1,383
2026-09-29 09:33:34,APPL,254.07,691
2026-09-29 09:33:35,APPL,254.13,560
2026-09-29 09:33:36,APPL,254.07,342
2026-09-29 09:33:37,APPL,254.06,69
2026-09-29 09:33:38,APPL,254.02,331
2026-09-29 09:33:39,APPL,254.02,846
2026-09-29 09:33:40,APPL,254.2,50
2026-09-29 09:33:41,APPL,254.06,168
2026-09-29 09:33:42,APPL,254.11,84
2026-09-29 09:33:43,APPL,253.99,247
2026-09-29 09:33:44,APPL,253.95,534
2026-09-29 09:33:45,APPL,254.04,806
2026-09-29 09:33:46,APPL,254.04,108
2026-09-29 09:33:47,APPL,253.96,886
2026-09-29 09:33:48,APPL,253.9,210
2026-09-29 09:33:49,APPL,253.96,740
2026-09-29 09:33:50,APPL,253.9,255
2026-09-29 09:33:51,APPL,253.92,61
2026-09-29 09:33:52,APPL,253.92,539
2026-09-29 09:33:53,APPL,253.87,325
2026-09-29 09:33:54,APPL,254.03,742
2026-09-29 09:33:55,APPL,254.08,291
2026-09-29 09:33:56,APPL,253.93,265
2026-09-29 09:33:57,APPL,253.94,300
2026-09-29 09:33:58,APPL,253.89,860
2026-09-29 09:33:59,APPL,253.96,175
2026-09-29 09:34:00,APPL,253.9,266
2026-09-29 09:34:01,APPL,253.89,355
2026-09-29 09:34:02,APPL,253.93,846
2026-09-29 09:34:03,APPL,253.99,234
2026-09-29 09:34:04,APPL,253.9,88
2026-09-29 09:34:05,APPL,253.87,272
2026-09-29 09:34:06,APPL,253.84,233
2026-09-29 09:34:07,APPL,253.79,544
2026-09-29 09:34:08,APPL,253.92,476
2026-09-29 09:34:09,APPL,253.95,227
2026-09-29 09:34:10,APPL,253.86,968
2026-09-29 09:34:11,APPL,253.93,477
2026-09-29 09:34:12,APPL,254.09,343
2026-09-29 09:34:13,APPL,254.17,901
2026-09-29 09:34:14,APPL,254.05,200
2026-09-29 09:34:15,APPL,254.02,433
2026-09-29 09:34:16,APPL,254.11,687
2026-09-29 09:34:17,APPL,254.06,862
2026-09-29 09:34:18,APPL,254.09,357
2026-09-29 09:34:19,APPL,254.15,385
2026-09-29 09:34:20,APPL,254.08,995
2026-09-29 09:34:21,APPL,254.08,795
2026-09-29 09:34:22,APPL,253.83,941
2026-09-29 09:34:23,APPL,253.75,424
2026-09-29 09:34:24,APPL,253.73,57
2026-09-29 09:34:25,APPL,253.64,390
2026-09-29 09:34:26,APPL,253.76,178
2026-09-29 09:34:27,APPL,253.65,825
2026-09-29 09:34:28,APPL,253.62,718
2026-09-29 09:34:29,APPL,253.63,401
2026-09-29 09:34:30,APPL,253.74,407
2026-09-29 09:34:31,APPL,253.63,566
2026-09-29 09:34:32,APPL,253.72,544
2026-09-29 09:34:33,APPL,253.72,135
2026-09-29 09:34:34,APPL,253.64,224
2026-09-29 09:34:35,APPL,253.68,851
2026-09-29 09:34:36,APPL,253.69,242
2026-09-29 09:34:37,APPL,253.65,360
2026-09-29 09:34:38,APPL,253.65,168
2026-09-29 09:34:39,APPL,253.62,267
2026-09-29 09:34:40,APPL,253.63,476
2026-09-29 09:34:41,APPL,253.68,463
2026-09-29 09:34:42,APPL,253.8,163
2026-09-29 09:34:43,APPL,253.71,194
2026-09-29 09:34:44,APPL,253.87,587
2026-09-29 09:34:45,APPL,253.72,697
2026-09-29 09:34:46,APPL,253.71,352
2026-09-29 09:34:47,APPL,253.76,793
2026-09-29 09:34:48,APPL,253.78,930
2026-09-29 09:34:49,APPL,253.73,637
2026-09-29 09:34:50,APPL,253.71,889
2026-09-29 09:34:51,APPL,253.68,394
2026-09-29 09:34:52,APPL,253.63,863
2026-09-29 09:34:53,APPL,253.7,850
2026-09-29 09:34:54,APPL,253.72,50
2026-09-29 09:34:55,APPL,253.67,196
2026-09-29 09:34:56,APPL,253.74,336
2026-09-29 09:34:57,APPL,253.76,703
2026-09-29 09:34:58,APPL,253.83,102
2026-09-29 09:34:59,APPL,253.87,353
2026-09-29 09:35:00,APPL,253.81,118
2026-09-29 09:35:01,APPL,253.77,410
2026-09-29 09:35:02,APPL,253.82,651
2026-09-29 09:35:03,APPL,253.87,269
2026-09-29 09:35:04,APPL,253.87,753
2026-09-29 09:35:05,APPL,253.88,624
2026-09-29 09:35:06,APPL,253.98,634
2026-09-29 09:35:07,APPL,253.93,210
2026-09-29 09:35:08,APPL,253.97,730
2026-09-29 09:35:09,APPL,253.96,138
2026-09-29 09:35:10,APPL,253.94,737
2026-09-29 09:35:11,APPL,254.02,830
2026-09-29 09:35:12,APPL,254.09,634
2026-09-29 09:35:13,APPL,254.15,806
2026-09-29 09:35:14,APPL,254.25,638
2026-09-29 09:35:15,APPL,254.25,208
2026-09-29 09:35:16,APPL,254.3,538
2026-09-29 09:35:17,APPL,254.28,373
2026-09-29 09:35:18,APPL,254.3,659
2026-09-29 09:35:19,APPL,254.29,430
2026-09-29 09:35:20,APPL,254.3,151
2026-09-29 09:35:21,APPL,254.35,543
2026-09-29 09:35:22,APPL,254.28,693
2026-09-29 09:35:23,APPL,254.44,663
2026-09-29 09:35:24,APPL,254.37,68
2026-09-29 09:35:25,APPL,254.27,503
2026-09-29 09:35:26,APPL,254.36,531
2026-09-29 09:35:27,APPL,254.42,643
2026-09-29 09:35:28,APPL,254.47,446
2026-09-29 09:35:29,APPL,254.52,328
2026-09-29 09:35:30,APPL,254.52,900
2026-09-29 09:35:31,APPL,254.45,414
2026-09-29 09:35:32,APPL,254.45,380
2026-09-29 09:35:33,APPL,254.4,690
2026-09-29 09:35:34,APPL,254.48,393
2026-09-29 09:35:35,APPL,254.47,871
2026-09-29 09:35:36,APPL,254.4,504
2026-09-29 09:35:37,APPL,254.38,650
2026-09-29 09:35:38,APPL,254.41,774
2026-09-29 09:35:39,APPL,254.37,704
2026-09-29 09:35:40,APPL,254.3,114
2026-09-29 09:35:41,APPL,254.32,125
2026-09-29 09:35:42,APPL,254.34,760
2026-09-29 09:35:43,APPL,254.3,192
2026-09-29 09:35:44,APPL,254.27,966
2026-09-29 09:35:45,APPL,254.28,964
2026-09-29 09:35:46,APPL,254.17,877
2026-09-29 09:35:47,APPL,254.07,654
2026-09-29 09:35:48,APPL,254.01,522
2026-09-29 09:35:49,APPL,254.0,466
2026-09-29 09:35:50,APPL,254.02,354
2026-09-29 09:35:51,APPL,254.13,785
2026-09-29 09:35:52,APPL,254.2,546
2026-09-29 09:35:53,APPL,254.19,340
2026-09-29 09:35:54,APPL,254.18,989
2026-09-29 09:35:55,APPL,254.11,151
2026-09-29 09:35:56,APPL,254.11,316
2026-09-29 09:35:57,APPL,254.08,916
2026-09-29 09:35:58,APPL,254.11,671
2026-09-29 09:35:59,APPL,254.05,891
2026-09-29 09:36:00,APPL,254.08,991
2026-09-29 09:36:01,APPL,254.2,826
2026-09-29 09:36:02,APPL,254.19,52
2026-09-29 09:36:03,APPL,254.22,134
2026-09-29 09:36:04,APPL,254.28,843
2026-09-29 09:36:05,APPL,254.25,377
2026-09-29 09:36:06,APPL,254.26,865
2026-09-29 09:36:07,APPL,254.26,499
2026-09-29 09:36:08,APPL,254.27,503
2026-09-29 09:36:09,APPL,254.21,973
2026-09-29 09:36:10,APPL,254.21,678
2026-09-29 09:36:11,APPL,254.25,270
2026-09-29 09:36:12,APPL,254.36,203
2026-09-29 09:36:13,APPL,254.44,714
2026-09-29 09:36:14,APPL,254.6,61
2026-09-29 09:36:15,APPL,254.54,182
2026-09-29 09:36:16,APPL,254.61,353
2026-09-29 09:36:17,APPL,254.62,342
2026-09-29 09:36:18,APPL,254.79,349
2026-09-29 09:36:19,APPL,254.73,789
2026-09-29 09:36:20,APPL,254.66,832
2026-09-29 09:36:21,APPL,254.62,92
2026-09-29 09:36:22,APPL,254.46,993
2026-09-29 09:36:23,APPL,254.42,392
2026-09-29 09:36:24,APPL,254.36,375
2026-09-29 09:36:25,APPL,254.37,863
2026-09-29 09:36:26,APPL,254.4,547
2026-09-29 09:36:27,APPL,254.54,413
2026-09-29 09:36:28,APPL,254.61,940
2026-09-29 09:36:29,APPL,254.57,476
2026-09-29 09:36:30,APPL,254.5,70
2026-09-29 09:36:31,APPL,254.54,456
2026-09-29 09:36:32,APPL,254.44,668
2026-09-29 09:36:33,APPL,254.58,385
2026-09-29 09:36:34,APPL,254.67,864
2026-09-29 09:36:35,APPL,254.63,166
2026-09-29 09:36:36,APPL,254.5,173
2026-09-29 09:36:37,APPL,254.6,448
2026-09-29 09:36:38,APPL,254.59,842
2026-09-29 09:36:39,APPL,254.69,853
2026-09-29 09:36:40,APPL,254.57,764
2026-09-29 09:36:41,APPL,254.52,100
2026-09-29 09:36:42,APPL,254.52,832
2026-09-29 09:36:43,APPL,254.52,373
2026-09-29 09:36:44,APPL,254.49,838
2026-09-29 09:36:45,APPL,254.54,190
2026-09-29 09:36:46,APPL,254.46,519
2026-09-29 09:36:47,APPL,254.45,836
2026-09-29 09:36:48,APPL,254.45,851
2026-09-29 09:36:49,APPL,254.49,383
2026-09-29 09:36:50,APPL,254.55,942
2026-09-29 09:36:51,APPL,254.46,422
2026-09-29 09:36:52,APPL,254.35,613
2026-09-29 09:36:53,APPL,254.44,543
2026-09-29 09:36:54,APPL,254.47,588
2026-09-29 09:36:55,APPL,254.41,718
2026-09-29 09:36:56,APPL,254.53,800
2026-09-29 09:36:57,APPL,254.54,205
2026-09-29 09:36:58,APPL,254.63,340
2026-09-29 09:36:59,APPL,254.63,697
2026-09-29 09:37:00,APPL,254.79,193
2026-09-29 09:37:01,APPL,254.93,155
2026-09-29 09:37:02,APPL,254.91,469
2026-09-29 09:37:03,APPL,254.98,719
2026-09-29 09:37:04,APPL,255.03,707
2026-09-29 09:37:05,APPL,255.13,51
2026-09-29 09:37:06,APPL,255.06,994
2026-09-29 09:37:07,APPL,255.11,638
2026-09-29 09:37:08,APPL,255.19,693
2026-09-29 09:37:09,APPL,255.06,139
2026-09-29 09:37:10,APPL,254.97,394
2026-09-29 09:37:11,APPL,254.81,399
2026-09-29 09:37:12,APPL,254.79,508
2026-09-29 09:37:13,APPL,254.85,312
2026-09-29 09:37:14,APPL,254.96,400
2026-09-29 09:37:15,APPL,254.97,157
2026-09-29 09:37:16,APPL,255.09,635
2026-09-29 09:37:17,APPL,254.99,88
2026-09-29 09:37:18,APPL,254.86,958
2026-09-29 09:37:19,APPL,254.85,208
2026-09-29 09:37:20,APPL,254.88,632
2026-09-29 09:37:21,APPL,254.88,361
2026-09-29 09:37:22,APPL,254.72,290
2026-09-29 09:37:23,APPL,254.71,987
2026-09-29 09:37:24,APPL,254.61,494
2026-09-29 09:37:25,APPL,254.67,347
2026-09-29 09:37:26,APPL,254.69,85
2026-09-29 09:37:27,APPL,254.62,133
2026-09-29 09:37:28,APPL,254.58,501
2026-09-29 09:37:29,APPL,254.5,935
2026-09-29 09:37:30,APPL,254.5,824
2026-09-29 09:37:31,APPL,254.57,871
2026-09-29 09:37:32,APPL,254.49,434
2026-09-29 09:37:33,APPL,254.53,221
2026-09-29 09:37:34,APPL,254.49,425
2026-09-29 09:37:35,APPL,254.43,734
2026-09-29 09:37:36,APPL,254.42,411
2026-09-29 09:37:37,APPL,254.35,608
2026-09-29 09:37:38,APPL,254.3,940
2026-09-29 09:37:39,APPL,254.21,190
2026-09-29 09:37:40,APPL,254.36,936
2026-09-29 09:37:41,APPL,254.36,967
2026-09-29 09:37:42,APPL,254.31,167
2026-09-29 09:37:43,APPL,254.33,326
2026-09-29 09:37:44,APPL,254.32,775
2026-09-29 09:37:45,APPL,254.3,269
2026-09-29 09:37:46,APPL,254.35,954
2026-09-29 09:37:47,APPL,254.41,75
2026-09-29 09:37:48,APPL,254.37,570
2026-09-29 09:37:49,APPL,254.32,832
2026-09-29 09:37:50,APPL,254.3,59
2026-09-29 09:37:51,APPL,254.13,427
2026-09-29 09:37:52,APPL,254.01,682
2026-09-29 09:37:53,APPL,254.11,686
2026-09-29 09:37:54,APPL,254.24,731
2026-09-29 09:37:55,APPL,254.22,633
2026-09-29 09:37:56,APPL,254.26,201
2026-09-29 09:37:57,APPL,254.29,769
2026-09-29 09:37:58,APPL,254.52,98
2026-09-29 09:37:59,APPL,254.61,203
2026-09-29 09:38:00,APPL,254.6,908
2026-09-29 09:38:01,APPL,254.53,342
2026-09-29 09:38:02,APPL,254.4,629
2026-09-29 09:38:03,APPL,254.42,99
2026-09-29 09:38:04,APPL,254.36,713
2026-09-29 09:38:05,APPL,254.25,580
2026-09-29 09:38:06,APPL,254.2,661
2026-09-29 09:38:07,APPL,254.12,109
2026-09-29 09:38:08,APPL,254.25,216
2026-09-29 09:38:09,APPL,254.32,251
2026-09-29 09:38:10,APPL,254.32,906
2026-09-29 09:38:11,APPL,254.43,195
2026-09-29 09:38:12,APPL,254.44,964
2026-09-29 09:38:13,APPL,254.37,725
2026-09-29 09:38:14,APPL,254.49,488
2026-09-29 09:38:15,APPL,254.53,291
2026-09-29 09:38:16,APPL,254.45,630
2026-09-29 09:38:17,APPL,254.43,736
2026-09-29 09:38:18,APPL,254.37,610
2026-09-29 09:38:19,APPL,254.26,532
2026-09-29 09:38:20,APPL,254.33,157
2026-09-29 09:38:21,APPL,254.48,275
2026-09-29 09:38:22,APPL,254.37,722
2026-09-29 09:38:23,APPL,254.41,680
2026-09-29 09:38:24,APPL,254.36,710
2026-09-29 09:38:25,APPL,254.33,711
2026-09-29 09:38:26,APPL,254.28,481
2026-09-29 09:38:27,APPL,254.22,854
2026-09-29 09:38:28,APPL,254.22,704
2026-09-29 09:38:29,APPL,254.16,468
2026-09-29 09:38:30,APPL,254.18,504
2026-09-29 09:38:31,APPL,254.17,209
2026-09-29 09:38:32,APPL,254.15,572
2026-09-29 09:38:33,APPL,254.09,699
2026-09-29 09:38:34,APPL,254.04,639
2026-09-29 09:38:35,APPL,254.1,126
2026-09-29 09:38:36,APPL,254.14,558
2026-09-29 09:38:37,APPL,254.06,490
2026-09-29 09:38:38,APPL,254.07,303
2026-09-29 09:38:39,APPL,254.13,970
2026-09-29 09:38:40,APPL,254.0,819
2026-09-29 09:38:41,APPL,254.04,369
2026-09-29 09:38:42,APPL,253.99,852
2026-09-29 09:38:43,APPL,254.03,312
2026-09-29 09:38:44,APPL,253.98,646
2026-09-29 09:38:45,APPL,253.84,707
2026-09-29 09:38:46,APPL,253.71,884
2026-09-29 09:38:47,APPL,253.72,603
2026-09-29 09:38:48,APPL,253.74,423
2026-09-29 09:38:49,APPL,253.67,686
2026-09-29 09:38:50,APPL,253.72,216
2026-09-29 09:38:51,APPL,253.59,986
2026-09-29 09:38:52,APPL,253.59,802
2026-09-29 09:38:53,APPL,253.49,508
2026-09-29 09:38:54,APPL,253.44,329
2026-09-29 09:38:55,APPL,253.45,749
2026-09-29 09:38:56,APPL,253.38,351
2026-09-29 09:38:57,APPL,253.35,580
2026-09-29 09:38:58,APPL,253.43,629
2026-09-29 09:38:59,APPL,253.39,267
2026-09-29 09:39:00,APPL,253.45,151
2026-09-29 09:39:01,APPL,253.36,603
2026-09-29 09:39:02,APPL,253.4,337
2026-09-29 09:39:03,APPL,253.51,216
2026-09-29 09:39:04,APPL,253.33,670
2026-09-29 09:39:05,APPL,253.27,85
2026-09-29 09:39:06,APPL,253.31,793
2026-09-29 09:39:07,APPL,253.29,790
2026-09-29 09:39:08,APPL,253.32,402
2026-09-29 09:39:09,APPL,253.28,725
2026-09-29 09:39:10,APPL,253.28,948
2026-09-29 09:39:11,APPL,253.27,122
2026-09-29 09:39:12,APPL,253.36,697
2026-09-29 09:39:13,APPL,253.38,402
2026-09-29 09:39:14,APPL,253.4,940
2026-09-29 09:39:15,APPL,253.37,119
2026-09-29 09:39:16,APPL,253.34,474
2026-09-29 09:39:17,APPL,253.3,757
2026-09-29 09:39:18,APPL,253.33,830
2026-09-29 09:39:19,APPL,253.3,610
2026-09-29 09:39:20,APPL,253.32,877
2026-09-29 09:39:21,APPL,253.48,691
2026-09-29 09:39:22,APPL,253.55,566
2026-09-29 09:39:23,APPL,253.52,477
2026-09-29 09:39:24,APPL,253.61,588
2026-09-29 09:39:25,APPL,253.58,209
2026-09-29 09:39:26,APPL,253.43,198
2026-09-29 09:39:27,APPL,253.35,825
2026-09-29 09:39:28,APPL,253.21,279
2026-09-29 09:39:29,APPL,253.18,761
2026-09-29 09:39:30,APPL,253.18,611
2026-09-29 09:39:31,APPL,253.31,116
2026-09-29 09:39:32,APPL,253.34,861
2026-09-29 09:39:33,APPL,253.32,430
2026-09-29 09:39:34,APPL,253.38,107
2026-09-29 09:39:35,APPL,253.21,308
2026-09-29 09:39:36,APPL,253.23,391
2026-09-29 09:39:37,APPL,253.29,887
2026-09-29 09:39:38,APPL,253.18,179
2026-09-29 09:39:39,APPL,253.27,776
2026-09-29 09:39:40,APPL,253.29,221
2026-09-29 09:39:41,APPL,253.26,819
2026-09-29 09:39:42,APPL,253.31,663
2026-09-29 09:39:43,APPL,253.48,258
2026-09-29 09:39:44,APPL,253.49,852
2026-09-29 09:39:45,APPL,253.51,403
2026-09-29 09:39:46,APPL,253.48,520
2026-09-29 09:39:47,APPL,253.41,847
2026-09-29 09:39:48,APPL,253.48,165
2026-09-29 09:39:49,APPL,253.41,313
2026-09-29 09:39:50,APPL,253.42,711
2026-09-29 09:39:51,APPL,253.38,861
2026-09-29 09:39:52,APPL,253.42,491
2026-09-29 09:39:53,APPL,253.44,597
2026-09-29 09:39:54,APPL,253.52,502
2026-09-29 09:39:55,APPL,253.48,894
2026-09-29 09:39:56,APPL,253.46,526
2026-09-29 09:39:57,APPL,253.39,336
2026-09-29 09:39:58,APPL,253.35,352
2026-09-29 09:39:59,APPL,253.38,360
2026-09-29 09:40:00,APPL,253.44,257
2026-09-29 09:40:01,APPL,253.37,667
2026-09-29 09:40:02,APPL,253.44,495
2026-09-29 09:40:03,APPL,253.54,719
2026-09-29 09:40:04,APPL,253.57,682
2026-09-29 09:40:05,APPL,253.71,104
2026-09-29 09:40:06,APPL,253.65,961
2026-09-29 09:40:07,APPL,253.56,61
2026-09-29 09:40:08,APPL,253.42,706
2026-09-29 09:40:09,APPL,253.54,449
2026-09-29 09:40:10,APPL,253.59,957
2026-09-29 09:40:11,APPL,253.58,697
2026-09-29 09:40:12,APPL,253.61,564
2026-09-29 09:40:13,APPL,253.52,705
2026-09-29 09:40:14,APPL,253.71,591
2026-09-29 09:40:15,APPL,253.72,286
2026-09-29 09:40:16,APPL,253.72,328
2026-09-29 09:40:17,APPL,253.78,397
2026-09-29 09:40:18,APPL,253.82,676
2026-09-29 09:40:19,APPL,253.83,153
2026-09-29 09:40:20,APPL,253.77,679
2026-09-29 09:40:21,APPL,253.81,566
2026-09-29 09:40:22,APPL,253.95,921
2026-09-29 09:40:23,APPL,254.05,297
2026-09-29 09:40:24,APPL,254.18,413
2026-09-29 09:40:25,APPL,254.14,370
2026-09-29 09:40:26,APPL,254.06,682
2026-09-29 09:40:27,APPL,254.05,335
2026-09-29 09:40:28,APPL,254.06,198
2026-09-29 09:40:29,APPL,254.14,133
2026-09-29 09:40:30,APPL,254.01,455
2026-09-29 09:40:31,APPL,254.13,505
2026-09-29 09:40:32,APPL,254.12,792
2026-09-29 09:40:33,APPL,254.08,849
2026-09-29 09:40:34,APPL,254.01,210
2026-09-29 09:40:35,APPL,253.88,833
2026-09-29 09:40:36,APPL,253.94,509
2026-09-29 09:40:37,APPL,253.95,599
2026-09-29 09:40:38,APPL,253.85,549
2026-09-29 09:40:39,APPL,253.75,787
2026-09-29 09:40:40,APPL,253.73,558
2026-09-29 09:40:41,APPL,253.85,703
2026-09-29 09:40:42,APPL,253.83,853
2026-09-29 09:40:43,APPL,253.72,530
2026-09-29 09:40:44,APPL,253.7,712
2026-09-29 09:40:45,APPL,253.68,163
2026-09-29 09:40:46,APPL,253.47,798
2026-09-29 09:40:47,APPL,253.47,627
2026-09-29 09:40:48,APPL,253.45,410
2026-09-29 09:40:49,APPL,253.5,390
2026-09-29 09:40:50,APPL,253.65,819
2026-09-29 09:40:51,APPL,253.73,810
2026-09-29 09:40:52,APPL,253.71,498
2026-09-29 09:40:53,APPL,253.63,892
2026-09-29 09:40:54,APPL,253.82,884
2026-09-29 09:40:55,APPL,253.83,229
2026-09-29 09:40:56,APPL,253.83,751
2026-09-29 09:40:57,APPL,253.83,456
2026-09-29 09:40:58,APPL,253.84,715
2026-09-29 09:40:59,APPL,253.83,245
2026-09-29 09:41:00,APPL,253.79,515
2026-09-29 09:41:01,APPL,253.74,360
2026-09-29 09:41:02,APPL,253.74,311
2026-09-29 09:41:03,APPL,253.7,468
2026-09-29 09:41:04,APPL,253.65,455
2026-09-29 09:41:05,APPL,253.65,988
2026-09-29 09:41:06,APPL,253.64,192
2026-09-29 09:41:07,APPL,253.75,391
2026-09-29 09:41:08,APPL,253.55,365
2026-09-29 09:41:09,APPL,253.63,150
2026-09-29 09:41:10,APPL,253.73,293
2026-09-29 09:41:11,APPL,253.57,539
2026-09-29 09:41:12,APPL,253.54,61
2026-09-29 09:41:13,APPL,253.51,288
2026-09-29 09:41:14,APPL,253.41,610
2026-09-29 09:41:15,APPL,253.35,91
2026-09-29 09:41:16,APPL,253.26,727
2026-09-29 09:41:17,APPL,253.4,643
2026-09-29 09:41:18,APPL,253.47,478
2026-09-29 09:41:19,APPL,253.56,852
2026-09-29 09:41:20,APPL,253.62,207
2026-09-29 09:41:21,APPL,253.53,265
2026-09-29 09:41:22,APPL,253.49,719
2026-09-29 09:41:23,APPL,253.53,511
2026-09-29 09:41:24,APPL,253.44,183
2026-09-29 09:41:25,APPL,253.49,116
2026-09-29 09:41:26,APPL,253.47,897
2026-09-29 09:41:27,APPL,253.45,56
2026-09-29 09:41:28,APPL,253.5,997
2026-09-29 09:41:29,APPL,253.53,575
2026-09-29 09:41:30,APPL,253.51,122
2026-09-29 09:41:31,APPL,253.59,448
2026-09-29 09:41:32,APPL,253.51,454
2026-09-29 09:41:33,APPL,253.56,724
2026-09-29 09:41:34,APPL,253.6,627
2026-09-29 09:41:35,APPL,253.58,908
2026-09-29 09:41:36,APPL,253.6,179
2026-09-29 09:41:37,APPL,253.51,980
2026-09-29 09:41:38,APPL,253.58,515
2026-09-29 09:41:39,APPL,253.57,255
2026-09-29 09:41:40,APPL,253.53,837
2026-09-29 09:41:41,APPL,253.61,817
2026-09-29 09:41:42,APPL,253.55,315
2026-09-29 09:41:43,APPL,253.45,586
2026-09-29 09:41:44,APPL,253.33,842
2026-09-29 09:41:45,APPL,253.37,302
2026-09-29 09:41:46,APPL,253.28,871
2026-09-29 09:41:47,APPL,253.41,338
2026-09-29 09:41:48,APPL,253.25,213
2026-09-29 09:41:49,APPL,253.38,144
2026-09-29 09:41:50,APPL,253.4,831
2026-09-29 09:41:51,APPL,253.39,882
2026-09-29 09:41:52,APPL,253.35,159
2026-09-29 09:41:53,APPL,253.38,385
2026-09-29 09:41:54,APPL,253.37,871
2026-09-29 09:41:55,APPL,253.46,287
2026-09-29 09:41:56,APPL,253.47,430
2026-09-29 09:41:57,APPL,253.48,485
2026-09-29 09:41:58,APPL,253.45,948
2026-09-29 09:41:59,APPL,253.45,532
2026-09-29 09:42:00,APPL,253.47,986
2026-09-29 09:42:01,APPL,253.34,951
2026-09-29 09:42:02,APPL,253.24,74
2026-09-29 09:42:03,APPL,253.29,702
2026-09-29 09:42:04,APPL,253.31,166
2026-09-29 09:42:05,APPL,253.29,531
2026-09-29 09:42:06,APPL,253.29,441
2026-09-29 09:42:07,APPL,253.32,966
2026-09-29 09:42:08,APPL,253.28,586
2026-09-29 09:42:09,APPL,253.22,128
2026-09-29 09:42:10,APPL,253.24,629
2026-09-29 09:42:11,APPL,253.16,222
2026-09-29 09:42:12,APPL,253.19,61
2026-09-29 09:42:13,APPL,253.06,849
2026-09-29 09:42:14,APPL,253.14,177
2026-09-29 09:42:15,APPL,253.18,657
2026-09-29 09:42:16,APPL,253.2,141
2026-09-29 09:42:17,APPL,253.27,702
2026-09-29 09:42:18,APPL,253.4,592
2026-09-29 09:42:19,APPL,253.47,895
2026-09-29 09:42:20,APPL,253.33,581
2026-09-29 09:42:21,APPL,253.24,707
2026-09-29 09:42:22,APPL,253.19,877
2026-09-29 09:42:23,APPL,253.19,496
2026-09-29 09:42:24,APPL,253.23,439
2026-09-29 09:42:25,APPL,253.18,721
2026-09-29 09:42:26,APPL,253.19,910
2026-09-29 09:42:27,APPL,253.13,92
2026-09-29 09:42:28,APPL,253.09,303
2026-09-29 09:42:29,APPL,252.98,179
2026-09-29 09:42:30,APPL,252.91,109
2026-09-29 09:42:31,APPL,252.81,712
2026-09-29 09:42:32,APPL,252.73,516
2026-09-29 09:42:33,APPL,252.81,336
2026-09-29 09:42:34,APPL,252.74,566
2026-09-29 09:42:35,APPL,252.94,516
2026-09-29 09:42:36,APPL,252.98,979
2026-09-29 09:42:37,APPL,252.99,827
2026-09-29 09:42:38,APPL,252.93,394
2026-09-29 09:42:39,APPL,252.98,691
2026-09-29 09:42:40,APPL,252.94,431
2026-09-29 09:42:41,APPL,252.95,828
2026-09-29 09:42:42,APPL,253.14,739
2026-09-29 09:42:43,APPL,253.13,302
2026-09-29 09:42:44,APPL,253.22,976
2026-09-29 09:42:45,APPL,253.17,105
2026-09-29 09:42:46,APPL,253.16,512
2026-09-29 09:42:47,APPL,253.3,506
2026-09-29 09:42:48,APPL,253.25,132
2026-09-29 09:42:49,APPL,253.39,954
2026-09-29 09:42:50,APPL,253.44,148
2026-09-29 09:42:51,APPL,253.4,198
2026-09-29 09:42:52,APPL,253.45,378
2026-09-29 09:42:53,APPL,253.52,205
2026-09-29 09:42:54,APPL,253.57,239
2026-09-29 09:42:55,APPL,253.45,543
2026-09-29 09:42:56,APPL,253.39,932
2026-09-29 09:42:57,APPL,253.38,312
2026-09-29 09:42:58,APPL,253.37,129
2026-09-29 09:42:59,APPL,253.42,449
2026-09-29 09:43:00,APPL,253.43,813
2026-09-29 09:43:01,APPL,253.33,658
2026-09-29 09:43:02,APPL,253.36,309
2026-09-29 09:43:03,APPL,253.4,821
2026-09-29 09:43:04,APPL,253.45,664
2026-09-29 09:43:05,APPL,253.53,601
2026-09-29 09:43:06,APPL,253.59,834
2026-09-29 09:43:07,APPL,253.63,150
2026-09-29 09:43:08,APPL,253.62,408
2026-09-29 09:43:09,APPL,253.5,429
2026-09-29 09:43:10,APPL,253.53,869
2026-09-29 09:43:11,APPL,253.54,270
2026-09-29 09:43:12,APPL,253.56,869
2026-09-29 09:43:13,APPL,253.47,469
2026-09-29 09:43:14,APPL,253.39,173
2026-09-29 09:43:15,APPL,253.47,471
2026-09-29 09:43:16,APPL,253.46,280
2026-09-29 09:43:17,APPL,253.51,739
2026-09-29 09:43:18,APPL,253.52,112
2026-09-29 09:43:19,APPL,253.52,534
2026-09-29 09:43:20,APPL,253.59,677
2026-09-29 09:43:21,APPL,253.55,752
2026-09-29 09:43:22,APPL,253.56,623
2026-09-29 09:43:23,APPL,253.52,817
2026-09-29 09:43:24,APPL,253.49,532
2026-09-29 09:43:25,APPL,253.47,568
2026-09-29 09:43:26,APPL,253.48,204
2026-09-29 09:43:27,APPL,253.45,141
2026-09-29 09:43:28,APPL,253.54,575
2026-09-29 09:43:29,APPL,253.47,504
2026-09-29 09:43:30,APPL,253.46,790
2026-09-29 09:43:31,APPL,253.43,647
2026-09-29 09:43:32,APPL,253.54,694
2026-09-29 09:43:33,APPL,253.55,559
2026-09-29 09:43:34,APPL,253.63,232
2026-09-29 09:43:35,APPL,253.52,435
2026-09-29 09:43:36,APPL,253.54,623
2026-09-29 09:43:37,APPL,253.61,780
2026-09-29 09:43:38,APPL,253.61,454
2026-09-29 09:43:39,APPL,253.69,295
2026-09-29 09:43:40,APPL,253.65,791
2026-09-29 09:43:41,APPL,253.76,640
2026-09-29 09:43:42,APPL,253.94,710
2026-09-29 09:43:43,APPL,253.91,699
2026-09-29 09:43:44,APPL,253.87,520
2026-09-29 09:43:45,APPL,253.98,875
2026-09-29 09:43:46,APPL,254.11,937
2026-09-29 09:43:47,APPL,254.07,472
2026-09-29 09:43:48,APPL,254.03,950
2026-09-29 09:43:49,APPL,254.01,114
2026-09-29 09:43:50,APPL,253.91,62
2026-09-29 09:43:51,APPL,253.84,262
2026-09-29 09:43:52,APPL,253.76,291
2026-09-29 09:43:53,APPL,253.7,542
2026-09-29 09:43:54,APPL,253.7,262
2026-09-29 09:43:55,APPL,253.72,742
2026-09-29 09:43:56,APPL,253.84,387
2026-09-29 09:43:57,APPL,253.76,222
2026-09-29 09:43:58,APPL,253.84,721
2026-09-29 09:43:59,APPL,253.82,213
2026-09-29 09:44:00,APPL,253.82,514
2026-09-29 09:44:01,APPL,253.87,546
2026-09-29 09:44:02,APPL,253.78,749
2026-09-29 09:44:03,APPL,253.81,444
2026-09-29 09:44:04,APPL,253.82,752
2026-09-29 09:44:05,APPL,253.86,966
2026-09-29 09:44:06,APPL,253.88,357
2026-09-29 09:44:07,APPL,254.07,817
2026-09-29 09:44:08,APPL,254.02,232
2026-09-29 09:44:09,APPL,253.98,678
2026-09-29 09:44:10,APPL,253.93,843
2026-09-29 09:44:11,APPL,253.89,559
2026-09-29 09:44:12,APPL,253.84,757
2026-09-29 09:44:13,APPL,253.93,595
2026-09-29 09:44:14,APPL,254.04,613
2026-09-29 09:44:15,APPL,254.0,673
2026-09-29 09:44:16,APPL,253.94,813
2026-09-29 09:44:17,APPL,253.97,643
2026-09-29 09:44:18,APPL,253.93,793
2026-09-29 09:44:19,APPL,253.98,276
2026-09-29 09:44:20,APPL,253.99,794
2026-09-29 09:44:21,APPL,253.88,782
2026-09-29 09:44:22,APPL,254.0,485
2026-09-29 09:44:23,APPL,254.13,974
2026-09-29 09:44:24,APPL,254.09,471
2026-09-29 09:44:25,APPL,254.06,603
2026-09-29 09:44:26,APPL,254.08,70
2026-09-29 09:44:27,APPL,254.1,603
2026-09-29 09:44:28,APPL,254.15,446
2026-09-29 09:44:29,APPL,254.31,674
2026-09-29 09:44:30,APPL,254.29,154
2026-09-29 09:44:31,APPL,254.23,241
2026-09-29 09:44:32,APPL,254.13,66
2026-09-29 09:44:33,APPL,254.07,169
2026-09-29 09:44:34,APPL,254.07,442
2026-09-29 09:44:35,APPL,254.21,474
2026-09-29 09:44:36,APPL,254.17,178
2026-09-29 09:44:37,APPL,254.18,179
2026-09-29 09:44:38,APPL,254.18,621
2026-09-29 09:44:39,APPL,254.27,609
2026-09-29 09:44:40,APPL,254.47,78
2026-09-29 09:44:41,APPL,254.43,146
2026-09-29 09:44:42,APPL,254.39,59
2026-09-29 09:44:43,APPL,254.47,291
2026-09-29 09:44:44,APPL,254.52,875
2026-09-29 09:44:45,APPL,254.66,281
2026-09-29 09:44:46,APPL,254.71,838
2026-09-29 09:44:47,APPL,254.68,333
2026-09-29 09:44:48,APPL,254.72,764
2026-09-29 09:44:49,APPL,254.81,808
2026-09-29 09:44:50,APPL,254.87,851
2026-09-29 09:44:51,APPL,254.91,825
2026-09-29 09:44:52,APPL,254.99,775
2026-09-29 09:44:53,APPL,255.08,249
2026-09-29 09:44:54,APPL,255.19,994
2026-09-29 09:44:55,APPL,255.24,128
2026-09-29 09:44:56,APPL,255.22,962
2026-09-29 09:44:57,APPL,255.23,904
2026-09-29 09:44:58,APPL,255.33,905
2026-09-29 09:44:59,APPL,255.26,222
2026-09-29 09:45:00,APPL,255.29,516
2026-09-29 09:45:01,APPL,255.26,630
2026-09-29 09:45:02,APPL,255.26,465
2026-09-29 09:45:03,APPL,255.36,989
2026-09-29 09:45:04,APPL,255.38,498
2026-09-29 09:45:05,APPL,255.38,136
2026-09-29 09:45:06,APPL,255.28,150
2026-09-29 09:45:07,APPL,255.33,57
2026-09-29 09:45:08,APPL,255.38,894
2026-09-29 09:45:09,APPL,255.55,249
2026-09-29 09:45:10,APPL,255.53,554
2026-09-29 09:45:11,APPL,255.54,136
2026-09-29 09:45:12,APPL,255.56,92
2026-09-29 09:45:13,APPL,255.68,434
2026-09-29 09:45:14,APPL,255.67,670
2026-09-29 09:45:15,APPL,255.7,484
2026-09-29 09:45:16,APPL,255.74,457
2026-09-29 09:45:17,APPL,255.76,532
2026-09-29 09:45:18,APPL,255.72,713
2026-09-29 09:45:19,APPL,255.74,66
2026-09-29 09:45:20,APPL,255.82,694
2026-09-29 09:45:21,APPL,255.74,197
2026-09-29 09:45:22,APPL,255.75,326
2026-09-29 09:45:23,APPL,255.7,281
2026-09-29 09:45:24,APPL,255.79,875
2026-09-29 09:45:25,APPL,255.67,976
2026-09-29 09:45:26,APPL,255.63,415
2026-09-29 09:45:27,APPL,255.66,277
2026-09-29 09:45:28,APPL,255.78,700
2026-09-29 09:45:29,APPL,255.77,485
2026-09-29 09:45:30,APPL,255.73,448
2026-09-29 09:45:31,APPL,255.88,260
2026-09-29 09:45:32,APPL,255.76,440
2026-09-29 09:45:33,APPL,255.6,548
2026-09-29 09:45:34,APPL,255.63,589
2026-09-29 09:45:35,APPL,255.59,612
2026-09-29 09:45:36,APPL,255.51,540
2026-09-29 09:45:37,APPL,255.57,491
2026-09-29 09:45:38,APPL,255.59,310
2026-09-29 09:45:39,APPL,255.54,822
2026-09-29 09:45:40,APPL,255.44,399
2026-09-29 09:45:41,APPL,255.51,401
2026-09-29 09:45:42,APPL,255.56,569
2026-09-29 09:45:43,APPL,255.55,369
2026-09-29 09:45:44,APPL,255.69,187
2026-09-29 09:45:45,APPL,255.61,599
2026-09-29 09:45:46,APPL,255.5,672
2026-09-29 09:45:47,APPL,255.44,417
2026-09-29 09:45:48,APPL,255.44,269
2026-09-29 09:45:49,APPL,255.46,386
2026-09-29 09:45:50,APPL,255.44,272
2026-09-29 09:45:51,APPL,255.47,697
2026-09-29 09:45:52,APPL,255.37,817
2026-09-29 09:45:53,APPL,255.48,409
2026-09-29 09:45:54,APPL,255.47,970
2026-09-29 09:45:55,APPL,255.56,378
2026-09-29 09:45:56,APPL,255.59,512
2026-09-29 09:45:57,APPL,255.62,995
2026-09-29 09:45:58,APPL,255.67,610
2026-09-29 09:45:59,APPL,255.7,853
2026-09-29 09:46:00,APPL,255.75,431
2026-09-29 09:46:01,APPL,255.85,885
2026-09-29 09:46:02,APPL,255.87,639
2026-09-29 09:46:03,APPL,255.92,666
2026-09-29 09:46:04,APPL,255.91,218
2026-09-29 09:46:05,APPL,256.02,266
2026-09-29 09:46:06,APPL,255.97,427
2026-09-29 09:46:07,APPL,256.11,168
2026-09-29 09:46:08,APPL,256.11,239
2026-09-29 09:46:09,APPL,256.0,816
2026-09-29 09:46:10,APPL,256.01,419
2026-09-29 09:46:11,APPL,255.96,827
2026-09-29 09:46:12,APPL,256.02,198
2026-09-29 09:46:13,APPL,255.97,725
2026-09-29 09:46:14,APPL,255.94,701
2026-09-29 09:46:15,APPL,255.79,908
2026-09-29 09:46:16,APPL,255.76,537
2026-09-29 09:46:17,APPL,255.57,819
2026-09-29 09:46:18,APPL,255.45,423
2026-09-29 09:46:19,APPL,255.51,830
2026-09-29 09:46:20,APPL,255.57,742
2026-09-29 09:46:21,APPL,255.6,209
2026-09-29 09:46:22,APPL,255.53,400
2026-09-29 09:46:23,APPL,255.52,961
2026-09-29 09:46:24,APPL,255.52,337
2026-09-29 09:46:25,APPL,255.43,337
2026-09-29 09:46:26,APPL,255.55,941
2026-09-29 09:46:27,APPL,255.62,275
2026-09-29 09:46:28,APPL,255.6,572
2026-09-29 09:46:29,APPL,255.6,571
2026-09-29 09:46:30,APPL,255.62,832
2026-09-29 09:46:31,APPL,255.46,322
2026-09-29 09:46:32,APPL,255.44,985
2026-09-29 09:46:33,APPL,255.39,451
2026-09-29 09:46:34,APPL,255.31,232
2026-09-29 09:46:35,APPL,255.29,714
2026-09-29 09:46:36,APPL,255.43,537
2026-09-29 09:46:37,APPL,255.48,876
2026-09-29 09:46:38,APPL,255.43,895
2026-09-29 09:46:39,APPL,255.48,173
